Enterprise name, enterprise reference
Tundra Enterprises, 6277453174
Cryptic Sports, 9857281657
Stardust Limited, 9814653782
Hummingbirdustries, 1644968093
Typhoonavigations, 6749306918
Robinetworks, 3879921682
Midnightelligence, 3510832378
Dinostar, 3730635423
Granitepaw, 2976969813
Nimblewheels, 8715352873
Proton Lighting, 6027408387
Boar Electronics, 5312605989
Thor Navigations, 2975567871
Squidustries, 5689403177
Phoenixolutions, 5871928728
Elecoms, 4472360622
Oracleutions, 9997690560
Herobank, 6696624820
Marshmaster, 5809695141
Alpinebank, 3500947787
Herb Technologies, 9303268754
Low Tide Corporation, 8637871251
Sapling Entertainment, 5083323567
Icecorps, 3342835962
Raptolutions, 1695882939
Willowares, 9230532062
Buzzylectrics, 2802240960
Freakshine, 8354648742
Crowstar, 8157284897
Pixelbooks, 4410280279
Adaline Gilfillan Ltd, 6418231431
Diedre Banta Inc, 4747113671
Sang Feder Ltd, 7272677431
Delmer Kotter Inc, 2353665081
Darrin Goodpasture Ltd, 2371205741
Cierra Dollins Inc, 2642047241
Artie Crandall Ltd, 4710494901
Mirta Salley Inc, 4861540951
Karleen Kossman Ltd, 3488634641
Cassondra Botkin Inc, 6000933381
Angelika Blazer Ltd, 5984206021
Denae Mangini Inc, 2591029661
Maribeth Hatfield Ltd, 6396880181
Brian Hiebert Inc, 3357183201
Jacques Dishon Ltd, 6392620561
Angla Macgregor Inc, 4053151511
Ruth Kaufmann Ltd, 9930816891
Dirk Stonecipher Inc, 5187504901
Hobert Drummond Ltd, 6813415091
Orpha Apodaca Inc, 2754023651
Kylee Ritts Ltd, 2275568341
Ellsworth Machuca Inc, 9937626401
Majorie Friday Ltd, 2022395731
Regina Tootle Inc, 4952543781
Rosita Lett Ltd, 7201225841
Darcel Trostle Inc, 9404333291
Marnie Kalis Ltd, 7483679431
Latoya Edmiston Inc, 8264158541
Sherry Spier Ltd, 2681559151
Teena Springer Inc, 2368219161
Vernia Trudeau Ltd, 2877168221
Ayesha Sterner Ltd, 7190750207
Neomi Pickron Ltd, 5406897433
Lavern Wayman Ltd, 6908754991
Saran Hajduk Ltd, 6305435293
Gonzalo Pauly Ltd, 3840008500
Amberly Sinegal Ltd, 6195752440
Claude Gregori Ltd, 2908745331
Deneen Hoang Ltd, 1297463371
Veronica Crace Ltd, 7770986331
Renetta Mcbay Ltd, 9799488569
Caroline Vangundy Ltd, 2233396426
Hallie Thornhill Ltd, 6445997576
Luther Vanhoy Ltd, 2625317450
Birgit Pinter Ltd, 1956299724
Kindra Ohlinger Ltd, 4108780342
Xavier Soules Ltd, 1255010693
Audrey Milano Ltd, 4693790360
See Loiselle Ltd, 4668732765
Janett Saenz Ltd, 7150081057
Lorette Hammond Ltd, 7667734007
Shirely Mullings Ltd, 4873642881
Venus Marcin Ltd, 3908824329
Chieko Kehoe Ltd, 5928101992
Dusti Lightcap Ltd, 5497839048
Charlott Tibbs Ltd, 9030293452
Beth Woodruff Ltd, 2466388701
Eusebio Cabell Ltd, 2812969294
Erin Melle Ltd, 8844476078
Chelsey Muse Ltd, 2940608637