Bobington Shipping Co Ltd, 4683859397
Charlie Fox Trotting Ltd, 2812030345
Bill and Ben Flowery Ltd, 4796211657
Tele Tub Sales Ltd, 9338033352
Duran Durable Pans Ltd, 4867178157
Paul Van Hiking Gear Ltd, 4079969507
S Melle Sock Co Ltd, 1253130851
Claude Dam Van Breakers Ltd, 5335840599
Will E Freemasons Ltd, 5019086359
Codfather and Sons Ltd, 8126665856
Wally's Private Parts Ltd, 7285955198
Butt Drilling Co Ltd, 3246305060
Master Bait and Tackle Ltd, 9804852347
A Salt Batteries Ltd, 4319753276
Manhole Adjusting Inc Ltd, 8723977466
Budget Burials Ltd, 5549347826
Blow Bros Ltd, 9308844768
Curl Up and Dye Hair Products Ltd, 5330378123
Esteed Contractors Ltd, 6910570246
Slimline Tone Inc Ltd, 7438142181
Cilit Dirt Removal Ltd, 5571921646
Southern Comfortable Sofas Ltd, 1926305811
ACDC Electricals Ltd, 1342893645
Facey McFace Inc Ltd, 1058892242
Steddie Owbard Logistics Ltd, 6972944649
Terry Tibbs Trading Ltd, 5587994165
Cardi Bee Hives Ltd, 7190530560
Snoop Dog Kennels Ltd, 6333702878
Ara Ballarina Society Ltd, 8650231554
Cold Placements Ltd, 6086463479